Date,Division,Age Group,Confirmed Case,Divisionwise Confirmed Case,Fatalities,Divisionwise Fatalities
30-09-26,Dhaka,<5 years,10747,13269,54,64
30-09-26,Dhaka,5-15 years,1724,13269,6,64
30-09-26,Dhaka,15+ years,798,13269,4,64
30-09-26,Chittagong,<5 years,2454,3030,8,10
30-09-26,Chittagong,5-15 years,393,3030,1,10
30-09-26,Chittagong,15+ years,183,3030,1,10
30-09-26,Sylhet,<5 years,856,1057,2,3
30-09-26,Sylhet,5-15 years,137,1057,0,3
30-09-26,Sylhet,15+ years,64,1057,1,3
30-09-26,Khulna,<5 years,397,491,0,0
30-09-26,Khulna,5-15 years,63,491,0,0
30-09-26,Khulna,15+ years,31,491,0,0
30-09-26,Barishal,<5 years,652,806,16,19
30-09-26,Barishal,5-15 years,104,806,1,19
30-09-26,Barishal,15+ years,50,806,2,19
30-09-26,Rajshahi,<5 years,1150,1420,2,3
30-09-26,Rajshahi,5-15 years,184,1420,0,3
30-09-26,Rajshahi,15+ years,86,1420,1,3
30-09-26,Rangpur,<5 years,440,544,0,0
30-09-26,Rangpur,5-15 years,70,544,0,0
30-09-26,Rangpur,15+ years,34,544,0,0
30-09-26,Mymensingh,<5 years,627,775,1,2
30-09-26,Mymensingh,5-15 years,100,775,0,2
30-09-26,Mymensingh,15+ years,48,775,1,2
